seg_id,segment_label,event_a,event_b,total_a,total_b,flow_type,from_km_a,to_km_a,from_km_b,to_km_b,width_m,overtaking_a,overtaking_b,sample_a,sample_b,pct_a,pct_b,copresence_a,copresence_b,unique_encounters,participants_involved,overtaking_load_a,overtaking_load_b,max_overtaking_load_a,max_overtaking_load_b,spatial_zone_exists,temporal_overlap_exists,true_pass_exists,has_convergence_policy,has_convergence,convergence_zone_start,convergence_zone_end,no_pass_reason_code,conflict_length_m,worst_zone_index,convergence_points_json,analysis_timestamp,app_version,environment,data_source,start_times,min_overlap_duration,conflict_length_m
A1a,Start to Queen/Regent (10K/Half),10k,half,618,912,overtake,0.0,0.9,0.0,0.9,100.0,0,0,,,0.0,0.0,,,0,0,0.0,0.0,0,0,False,False,False,False,False,,,,100.0,,,2026-01-07 00:33:50 UTC,v2.0.3,local,"runners.csv, segments.csv","10k:440, full:420, half:460",5.0,100.0
A1b,Start to Queen/Regent (10K/Full),10k,full,618,368,overtake,0.0,0.9,0.0,0.9,100.0,0,0,,,0.0,0.0,,,0,0,0.0,0.0,0,0,False,False,False,False,False,,,,100.0,,,2026-01-07 00:33:50 UTC,v2.0.3,local,"runners.csv, segments.csv","10k:440, full:420, half:460",5.0,100.0
A1c,Start to Queen/Regent (Half/Full),half,full,912,368,overtake,0.0,0.9,0.0,0.9,100.0,0,0,,,0.0,0.0,,,0,0,0.0,0.0,0,0,False,False,False,False,False,,,,100.0,,,2026-01-07 00:33:50 UTC,v2.0.3,local,"runners.csv, segments.csv","10k:440, full:420, half:460",5.0,100.0
A2a,Queen/Regent to WSB mid-point (10K/Half),10k,half,618,912,overtake,0.9,1.8,0.9,1.8,100.0,0,31,,"1621, 1622, 1623, ... (10 total)",0.0,3.4,1,2,33,34,0.0,0.0,0,1,True,True,True,True,True,1.58,1.68,,100.0,3,"[{""km"": 1.33, ""type"": ""true_pass""}, {""km"": 1.43, ""type"": ""true_pass""}, {""km"": 1.53, ""type"": ""true_pass""}, {""km"": 1.63, ""type"": ""true_pass""}, {""km"": 1.73, ""type"": ""true_pass""}]",2026-01-07 00:33:50 UTC,v2.0.3,local,"runners.csv, segments.csv","10k:440, full:420, half:460",5.0,100.0
A2b,Queen/Regent to WSB mid-point (10K/Full),10k,full,618,368,overtake,0.9,1.8,0.9,1.8,100.0,0,0,,,0.0,0.0,,,0,0,0.0,0.0,0,0,False,False,False,False,False,,,,100.0,,,2026-01-07 00:33:50 UTC,v2.0.3,local,"runners.csv, segments.csv","10k:440, full:420, half:460",5.0,100.0
A2c,Queen/Regent to WSB mid-point (Half/Full),half,full,912,368,overtake,0.9,1.8,0.9,1.8,100.0,0,0,,,0.0,0.0,,,0,0,0.0,0.0,0,0,False,False,False,False,False,,,,100.0,,,2026-01-07 00:33:50 UTC,v2.0.3,local,"runners.csv, segments.csv","10k:440, full:420, half:460",5.0,100.0
A3a,WSB mid-point to Friel (10K/Half),10k,half,618,912,overtake,1.8,2.7,1.8,2.7,100.0,0,129,,"1618, 1619, 1620, ... (10 total)",0.0,14.1,1,25,440,167,0.0,0.7,0,12,True,True,True,True,True,2.51,2.61,,100.0,7,"[{""km"": 1.8, ""type"": ""true_pass""}, {""km"": 1.9, ""type"": ""true_pass""}, {""km"": 2.01, ""type"": ""true_pass""}, {""km"": 2.12, ""type"": ""true_pass""}, {""km"": 2.23, ""type"": ""true_pass""}, {""km"": 2.34, ""type"": ""true_pass""}, {""km"": 2.45, ""type"": ""true_pass""}, {""km"": 2.56, ""type"": ""true_pass""}, {""km"": 2.67, ""type"": ""true_pass""}]",2026-01-07 00:33:50 UTC,v2.0.3,local,"runners.csv, segments.csv","10k:440, full:420, half:460",5.0,100.0
A3b,WSB mid-point to Friel (10K/Full),10k,full,618,368,overtake,1.8,2.7,1.8,2.7,100.0,0,0,,,0.0,0.0,,,0,0,0.0,0.0,0,0,False,False,False,False,False,,,,100.0,,,2026-01-07 00:33:50 UTC,v2.0.3,local,"runners.csv, segments.csv","10k:440, full:420, half:460",5.0,100.0
A3c,WSB mid-point to Friel (Half/Full),half,full,912,368,overtake,1.8,2.7,1.8,2.7,100.0,0,0,,,0.0,0.0,,,0,0,0.0,0.0,0,0,False,False,False,False,False,,,,100.0,,,2026-01-07 00:33:50 UTC,v2.0.3,local,"runners.csv, segments.csv","10k:440, full:420, half:460",5.0,100.0
B1,Friel to 10K Turn (Out),10k,full,618,368,overtake,2.7,4.25,2.7,4.25,1.5,16,0,"1000, 1002, 1003, ... (10 total)",,2.6,0.0,3,2,98,30,0.1,0.0,13,0,True,True,True,True,True,3.46,3.62,,150.0,0,"[{""km"": 3.54, ""type"": ""true_pass""}, {""km"": 3.73, ""type"": ""true_pass""}, {""km"": 3.84, ""type"": ""true_pass""}, {""km"": 3.95, ""type"": ""true_pass""}, {""km"": 4.06, ""type"": ""true_pass""}, {""km"": 4.17, ""type"": ""true_pass""}]",2026-01-07 00:33:50 UTC,v2.0.3,local,"runners.csv, segments.csv","10k:440, full:420, half:460",5.0,100.0
B1a,Friel to 10K Turn (Late Overlaps),10k,full,618,368,overtake,2.7,4.25,14.8,16.35,100.0,0,0,,,0.0,0.0,0,0,72,0,0.0,0.1,0,5,True,False,False,False,False,3.45,3.61,SPATIAL_ONLY_NO_TEMPORAL,150.0,0,"[{""km"": 3.53, ""type"": ""true_pass""}, {""km"": 3.72, ""type"": ""true_pass""}, {""km"": 3.83, ""type"": ""true_pass""}, {""km"": 3.94, ""type"": ""true_pass""}, {""km"": 4.04, ""type"": ""true_pass""}, {""km"": 4.15, ""type"": ""true_pass""}]",2026-01-07 00:33:50 UTC,v2.0.3,local,"runners.csv, segments.csv","10k:440, full:420, half:460",5.0,100.0
B2,10K Turn to Friel (Back),full,10k,368,618,overtake,14.8,16.35,4.25,5.8,1.5,113,0,"2534, 2535, 2543, ... (10 total)",,30.7,0.0,79,64,1223,186,0.9,0.0,7,0,True,True,True,True,True,14.93,15.09,,150.0,2,"[{""km"": 14.8, ""type"": ""true_pass""}, {""km"": 14.9, ""type"": ""true_pass""}, {""km"": 15.01, ""type"": ""true_pass""}, {""km"": 15.11, ""type"": ""true_pass""}, {""km"": 15.21, ""type"": ""true_pass""}, {""km"": 15.32, ""type"": ""true_pass""}, {""km"": 15.42, ""type"": ""true_pass""}, {""km"": 15.53, ""type"": ""true_pass""}, {""km"": 15.63, ""type"": ""true_pass""}, {""km"": 15.73, ""type"": ""true_pass""}, {""km"": 15.84, ""type"": ""true_pass""}, {""km"": 15.94, ""type"": ""true_pass""}, {""km"": 16.04, ""type"": ""true_pass""}, {""km"": 16.15, ""type"": ""true_pass""}, {""km"": 16.25, ""type"": ""true_pass""}]",2026-01-07 00:33:50 UTC,v2.0.3,local,"runners.csv, segments.csv","10k:440, full:420, half:460",5.0,100.0
B3,10K Turn to Friel (Slow/Fast 10k),10k,10k,618,618,overtake,2.7,4.25,4.25,5.8,1.5,1,531,1529,"1015, 1024, 1072, ... (10 total)",0.2,85.9,549,546,24926,618,0.0,4.6,6,40,True,True,True,True,True,2.93,3.09,,150.0,3,"[{""km"": 2.7, ""type"": ""true_pass""}, {""km"": 2.8, ""type"": ""true_pass""}, {""km"": 2.91, ""type"": ""true_pass""}, {""km"": 3.01, ""type"": ""true_pass""}, {""km"": 3.11, ""type"": ""true_pass""}, {""km"": 3.22, ""type"": ""true_pass""}, {""km"": 3.32, ""type"": ""true_pass""}, {""km"": 3.42, ""type"": ""true_pass""}, {""km"": 3.53, ""type"": ""true_pass""}, {""km"": 3.63, ""type"": ""true_pass""}, {""km"": 3.73, ""type"": ""true_pass""}, {""km"": 3.84, ""type"": ""true_pass""}, {""km"": 3.94, ""type"": ""true_pass""}, {""km"": 4.04, ""type"": ""true_pass""}, {""km"": 4.15, ""type"": ""true_pass""}]",2026-01-07 00:33:50 UTC,v2.0.3,local,"runners.csv, segments.csv","10k:440, full:420, half:460",5.0,100.0
D1,10K Turn to Full Turn Blake Crt (out/return),full,full,368,368,none,4.25,9.52,9.52,14.79,100.0,0,38,,"2538, 2541, 2543, ... (10 total)",0.0,10.3,40,88,3346,128,0.0,1.0,0,16,True,True,True,True,True,5.31,5.84,,200.0,4,"[{""km"": 4.25, ""type"": ""true_pass""}, {""km"": 4.41, ""type"": ""true_pass""}, {""km"": 4.52, ""type"": ""true_pass""}, {""km"": 4.68, ""type"": ""true_pass""}, {""km"": 4.79, ""type"": ""true_pass""}, {""km"": 4.94, ""type"": ""true_pass""}, {""km"": 5.05, ""type"": ""true_pass""}, {""km"": 5.2, ""type"": ""true_pass""}, {""km"": 5.31, ""type"": ""true_pass""}, {""km"": 5.47, ""type"": ""true_pass""}, {""km"": 5.58, ""type"": ""true_pass""}, {""km"": 5.73, ""type"": ""true_pass""}, {""km"": 5.84, ""type"": ""true_pass""}, {""km"": 5.99, ""type"": ""true_pass""}, {""km"": 6.1, ""type"": ""true_pass""}, {""km"": 6.26, ""type"": ""true_pass""}, {""km"": 6.37, ""type"": ""true_pass""}, {""km"": 6.52, ""type"": ""true_pass""}, {""km"": 6.63, ""type"": ""true_pass""}, {""km"": 6.79, ""type"": ""true_pass""}, {""km"": 6.89, ""type"": ""true_pass""}, {""km"": 7.05, ""type"": ""true_pass""}, {""km"": 7.16, ""type"": ""true_pass""}, {""km"": 7.31, ""type"": ""true_pass""}, {""km"": 7.42, ""type"": ""true_pass""}, {""km"": 7.58, ""type"": ""true_pass""}, {""km"": 7.69, ""type"": ""true_pass""}, {""km"": 7.84, ""type"": ""true_pass""}, {""km"": 7.95, ""type"": ""true_pass""}, {""km"": 8.1, ""type"": ""true_pass""}, {""km"": 8.21, ""type"": ""true_pass""}, {""km"": 8.37, ""type"": ""true_pass""}, {""km"": 8.48, ""type"": ""true_pass""}, {""km"": 8.63, ""type"": ""true_pass""}, {""km"": 8.74, ""type"": ""true_pass""}, {""km"": 8.89, ""type"": ""true_pass""}, {""km"": 9.0, ""type"": ""true_pass""}, {""km"": 9.16, ""type"": ""true_pass""}, {""km"": 9.27, ""type"": ""true_pass""}, {""km"": 9.42, ""type"": ""true_pass""}]",2026-01-07 00:33:50 UTC,v2.0.3,local,"runners.csv, segments.csv","10k:440, full:420, half:460",5.0,100.0
F1a,Friel to Station Rd.,10k,half,618,912,merge,5.8,8.1,2.7,5.0,100.0,159,652,"1392, 1423, 1452, ... (10 total)","1692, 1702, 1867, ... (10 total)",25.7,71.5,546,912,161834,1463,0.5,3.6,10,14,True,True,True,True,True,6.1,6.33,,200.0,2,"[{""km"": 5.8, ""type"": ""true_pass""}, {""km"": 5.9, ""type"": ""true_pass""}, {""km"": 6.01, ""type"": ""true_pass""}, {""km"": 6.11, ""type"": ""true_pass""}, {""km"": 6.22, ""type"": ""true_pass""}, {""km"": 6.32, ""type"": ""true_pass""}, {""km"": 6.43, ""type"": ""true_pass""}, {""km"": 6.53, ""type"": ""true_pass""}, {""km"": 6.64, ""type"": ""true_pass""}, {""km"": 6.75, ""type"": ""true_pass""}, {""km"": 6.85, ""type"": ""true_pass""}, {""km"": 6.96, ""type"": ""true_pass""}, {""km"": 7.06, ""type"": ""true_pass""}, {""km"": 7.17, ""type"": ""true_pass""}, {""km"": 7.27, ""type"": ""true_pass""}, {""km"": 7.38, ""type"": ""true_pass""}, {""km"": 7.48, ""type"": ""true_pass""}, {""km"": 7.59, ""type"": ""true_pass""}, {""km"": 7.69, ""type"": ""true_pass""}, {""km"": 7.8, ""type"": ""true_pass""}, {""km"": 7.9, ""type"": ""true_pass""}, {""km"": 8.01, ""type"": ""true_pass""}]",2026-01-07 00:33:50 UTC,v2.0.3,local,"runners.csv, segments.csv","10k:440, full:420, half:460",5.0,100.0
F1b,Friel to Station Rd.,10k,full,618,368,merge,5.8,8.1,16.35,18.65,100.0,0,229,,"2543, 2576, 2605, ... (10 total)",0.0,62.2,127,185,4825,362,0.0,2.1,0,15,True,True,True,True,True,5.89,6.12,,200.0,1,"[{""km"": 5.8, ""type"": ""true_pass""}, {""km"": 5.9, ""type"": ""true_pass""}, {""km"": 6.01, ""type"": ""true_pass""}, {""km"": 6.11, ""type"": ""true_pass""}, {""km"": 6.22, ""type"": ""true_pass""}, {""km"": 6.32, ""type"": ""true_pass""}, {""km"": 6.43, ""type"": ""true_pass""}, {""km"": 6.53, ""type"": ""true_pass""}, {""km"": 6.64, ""type"": ""true_pass""}, {""km"": 6.75, ""type"": ""true_pass""}, {""km"": 6.85, ""type"": ""true_pass""}, {""km"": 6.96, ""type"": ""true_pass""}, {""km"": 7.06, ""type"": ""true_pass""}, {""km"": 7.17, ""type"": ""true_pass""}, {""km"": 7.27, ""type"": ""true_pass""}, {""km"": 7.38, ""type"": ""true_pass""}, {""km"": 7.48, ""type"": ""true_pass""}, {""km"": 7.59, ""type"": ""true_pass""}, {""km"": 7.69, ""type"": ""true_pass""}, {""km"": 7.8, ""type"": ""true_pass""}, {""km"": 7.9, ""type"": ""true_pass""}, {""km"": 8.01, ""type"": ""true_pass""}]",2026-01-07 00:33:50 UTC,v2.0.3,local,"runners.csv, segments.csv","10k:440, full:420, half:460",5.0,100.0
F1c,Friel to Station Rd.,half,full,912,368,merge,2.7,5.0,16.35,18.65,100.0,0,0,,,0.0,0.0,,,0,0,0.0,0.0,0,0,False,False,False,False,False,,,,100.0,,,2026-01-07 00:33:50 UTC,v2.0.3,local,"runners.csv, segments.csv","10k:440, full:420, half:460",5.0,100.0
G1,Full Loop QS to Trail/Aberdeen (Full Only),full,full,368,368,none,20.55,21.65,20.55,21.65,3.0,13,13,"2693, 2697, 2712, ... (10 total)","2693, 2697, 2712, ... (10 total)",3.5,3.5,368,368,2088,368,0.0,0.0,1,1,True,True,True,True,True,20.55,20.61,,150.0,0,"[{""km"": 20.55, ""type"": ""true_pass""}, {""km"": 20.65, ""type"": ""true_pass""}, {""km"": 20.75, ""type"": ""true_pass""}, {""km"": 20.85, ""type"": ""true_pass""}, {""km"": 20.95, ""type"": ""true_pass""}, {""km"": 21.05, ""type"": ""true_pass""}, {""km"": 21.15, ""type"": ""true_pass""}, {""km"": 21.25, ""type"": ""true_pass""}, {""km"": 21.35, ""type"": ""true_pass""}, {""km"": 21.45, ""type"": ""true_pass""}, {""km"": 21.55, ""type"": ""true_pass""}]",2026-01-07 00:33:50 UTC,v2.0.3,local,"runners.csv, segments.csv","10k:440, full:420, half:460",5.0,100.0
H1a,Trail/Aberdeen to Station Rd (Full outbound to Station vs 10K finish),full,10k,368,618,counterflow,21.65,23.26,8.1,10.0,100.0,186,0,"2543, 2576, 2595, ... (10 total)",,50.5,0.0,136,89,1827,292,1.3,0.0,7,0,True,True,True,True,True,21.67,21.83,,150.0,1,"[{""km"": 21.65, ""type"": ""true_pass""}, {""km"": 21.75, ""type"": ""true_pass""}, {""km"": 21.85, ""type"": ""true_pass""}, {""km"": 21.95, ""type"": ""true_pass""}, {""km"": 22.05, ""type"": ""true_pass""}, {""km"": 22.15, ""type"": ""true_pass""}, {""km"": 22.25, ""type"": ""true_pass""}, {""km"": 22.35, ""type"": ""true_pass""}, {""km"": 22.45, ""type"": ""true_pass""}, {""km"": 22.56, ""type"": ""true_pass""}, {""km"": 22.66, ""type"": ""true_pass""}, {""km"": 22.76, ""type"": ""true_pass""}, {""km"": 22.86, ""type"": ""true_pass""}, {""km"": 22.96, ""type"": ""true_pass""}, {""km"": 23.06, ""type"": ""true_pass""}, {""km"": 23.16, ""type"": ""true_pass""}, {""km"": 23.26, ""type"": ""true_pass""}]",2026-01-07 00:33:50 UTC,v2.0.3,local,"runners.csv, segments.csv","10k:440, full:420, half:460",5.0,100.0
H1b,Trail/Aberdeen to Station Rd. (Full outbound to Station vs Half finish),full,half,368,912,counterflow,21.65,23.26,19.35,20.85,100.0,0,411,,"1690, 1691, 1716, ... (10 total)",0.0,45.1,235,726,5724,1000,0.0,0.6,0,4,True,True,True,True,True,21.87,22.03,,150.0,3,"[{""km"": 21.65, ""type"": ""true_pass""}, {""km"": 21.75, ""type"": ""true_pass""}, {""km"": 21.85, ""type"": ""true_pass""}, {""km"": 21.95, ""type"": ""true_pass""}, {""km"": 22.05, ""type"": ""true_pass""}, {""km"": 22.15, ""type"": ""true_pass""}, {""km"": 22.25, ""type"": ""true_pass""}, {""km"": 22.35, ""type"": ""true_pass""}, {""km"": 22.45, ""type"": ""true_pass""}, {""km"": 22.56, ""type"": ""true_pass""}, {""km"": 22.66, ""type"": ""true_pass""}, {""km"": 22.76, ""type"": ""true_pass""}, {""km"": 22.86, ""type"": ""true_pass""}, {""km"": 22.96, ""type"": ""true_pass""}, {""km"": 23.06, ""type"": ""true_pass""}, {""km"": 23.16, ""type"": ""true_pass""}, {""km"": 23.26, ""type"": ""true_pass""}]",2026-01-07 00:33:50 UTC,v2.0.3,local,"runners.csv, segments.csv","10k:440, full:420, half:460",5.0,100.0
I1,Station Rd. to Bridge/Mill (Half + Full co-direction),half,full,912,368,counterflow,5.0,10.75,23.26,29.01,3.0,0,0,,,0.0,0.0,17,6,6333,23,0.0,1.9,0,26,True,False,False,False,False,7.66,8.23,SPATIAL_ONLY_NO_TEMPORAL,200.0,0,"[{""km"": 7.94, ""type"": ""true_pass""}, {""km"": 8.1, ""type"": ""true_pass""}, {""km"": 8.25, ""type"": ""true_pass""}, {""km"": 8.36, ""type"": ""true_pass""}, {""km"": 8.49, ""type"": ""true_pass""}, {""km"": 8.65, ""type"": ""true_pass""}, {""km"": 8.76, ""type"": ""true_pass""}, {""km"": 8.93, ""type"": ""true_pass""}, {""km"": 9.03, ""type"": ""true_pass""}, {""km"": 9.22, ""type"": ""true_pass""}, {""km"": 9.33, ""type"": ""true_pass""}, {""km"": 9.5, ""type"": ""true_pass""}, {""km"": 9.61, ""type"": ""true_pass""}, {""km"": 9.79, ""type"": ""true_pass""}, {""km"": 9.9, ""type"": ""true_pass""}, {""km"": 10.08, ""type"": ""true_pass""}, {""km"": 10.18, ""type"": ""true_pass""}, {""km"": 10.36, ""type"": ""true_pass""}, {""km"": 10.47, ""type"": ""true_pass""}, {""km"": 10.65, ""type"": ""true_pass""}]",2026-01-07 00:33:50 UTC,v2.0.3,local,"runners.csv, segments.csv","10k:440, full:420, half:460",5.0,100.0
J1,Bridge/Mill to Half Turn (Half + Full co-direction),half,full,912,368,counterflow,10.75,13.43,29.01,31.64,1.5,0,215,,"2543, 2576, 2595, ... (10 total)",0.0,58.4,218,139,4218,462,0.0,1.8,0,17,True,True,True,True,True,10.82,11.09,,200.0,1,"[{""km"": 10.75, ""type"": ""true_pass""}, {""km"": 10.85, ""type"": ""true_pass""}, {""km"": 10.96, ""type"": ""true_pass""}, {""km"": 11.06, ""type"": ""true_pass""}, {""km"": 11.17, ""type"": ""true_pass""}, {""km"": 11.28, ""type"": ""true_pass""}, {""km"": 11.38, ""type"": ""true_pass""}, {""km"": 11.48, ""type"": ""true_pass""}, {""km"": 11.59, ""type"": ""true_pass""}, {""km"": 11.7, ""type"": ""true_pass""}, {""km"": 11.8, ""type"": ""true_pass""}, {""km"": 11.91, ""type"": ""true_pass""}, {""km"": 12.01, ""type"": ""true_pass""}, {""km"": 12.12, ""type"": ""true_pass""}, {""km"": 12.22, ""type"": ""true_pass""}, {""km"": 12.33, ""type"": ""true_pass""}, {""km"": 12.43, ""type"": ""true_pass""}, {""km"": 12.54, ""type"": ""true_pass""}, {""km"": 12.65, ""type"": ""true_pass""}, {""km"": 12.75, ""type"": ""true_pass""}, {""km"": 12.85, ""type"": ""true_pass""}, {""km"": 12.96, ""type"": ""true_pass""}, {""km"": 13.06, ""type"": ""true_pass""}, {""km"": 13.17, ""type"": ""true_pass""}, {""km"": 13.28, ""type"": ""true_pass""}, {""km"": 13.38, ""type"": ""true_pass""}]",2026-01-07 00:33:50 UTC,v2.0.3,local,"runners.csv, segments.csv","10k:440, full:420, half:460",5.0,100.0
J2,Half Turn to Full Turn (Full outbound spur),full,full,368,368,none,31.64,33.11,31.64,33.11,1.5,5,5,"2693, 2719, 2767, ... (5 total)","2693, 2719, 2767, ... (5 total)",1.4,1.4,368,368,2237,368,0.0,0.0,1,1,True,True,True,True,True,31.64,31.71,,150.0,0,"[{""km"": 31.64, ""type"": ""true_pass""}, {""km"": 31.74, ""type"": ""true_pass""}, {""km"": 31.84, ""type"": ""true_pass""}, {""km"": 31.94, ""type"": ""true_pass""}, {""km"": 32.04, ""type"": ""true_pass""}, {""km"": 32.15, ""type"": ""true_pass""}, {""km"": 32.26, ""type"": ""true_pass""}, {""km"": 32.37, ""type"": ""true_pass""}, {""km"": 32.48, ""type"": ""true_pass""}, {""km"": 32.59, ""type"": ""true_pass""}, {""km"": 32.7, ""type"": ""true_pass""}, {""km"": 32.81, ""type"": ""true_pass""}, {""km"": 32.92, ""type"": ""true_pass""}, {""km"": 33.03, ""type"": ""true_pass""}]",2026-01-07 00:33:50 UTC,v2.0.3,local,"runners.csv, segments.csv","10k:440, full:420, half:460",5.0,100.0
J3,Full Turn to Half Turn (Full returning spur),full,full,368,368,none,33.11,34.34,33.11,34.34,1.5,5,5,"2699, 2744, 2752, ... (5 total)","2699, 2744, 2752, ... (5 total)",1.4,1.4,368,368,1746,368,0.0,0.0,1,1,True,True,True,True,True,33.11,33.17,,150.0,0,"[{""km"": 33.11, ""type"": ""true_pass""}, {""km"": 33.22, ""type"": ""true_pass""}, {""km"": 33.33, ""type"": ""true_pass""}, {""km"": 33.44, ""type"": ""true_pass""}, {""km"": 33.55, ""type"": ""true_pass""}, {""km"": 33.66, ""type"": ""true_pass""}, {""km"": 33.77, ""type"": ""true_pass""}, {""km"": 33.88, ""type"": ""true_pass""}, {""km"": 33.99, ""type"": ""true_pass""}, {""km"": 34.1, ""type"": ""true_pass""}, {""km"": 34.21, ""type"": ""true_pass""}, {""km"": 34.32, ""type"": ""true_pass""}]",2026-01-07 00:33:50 UTC,v2.0.3,local,"runners.csv, segments.csv","10k:440, full:420, half:460",5.0,100.0
J4,Half Turn to Bridge/Mill (Half + Full co-direction return),half,full,912,368,counterflow,13.43,16.02,34.34,36.93,1.5,0,193,,"2543, 2576, 2595, ... (10 total)",0.0,52.4,184,114,3073,418,0.0,1.2,0,13,True,True,True,True,True,13.52,13.78,,200.0,1,"[{""km"": 13.43, ""type"": ""true_pass""}, {""km"": 13.54, ""type"": ""true_pass""}, {""km"": 13.65, ""type"": ""true_pass""}, {""km"": 13.76, ""type"": ""true_pass""}, {""km"": 13.87, ""type"": ""true_pass""}, {""km"": 13.98, ""type"": ""true_pass""}, {""km"": 14.09, ""type"": ""true_pass""}, {""km"": 14.2, ""type"": ""true_pass""}, {""km"": 14.31, ""type"": ""true_pass""}, {""km"": 14.42, ""type"": ""true_pass""}, {""km"": 14.53, ""type"": ""true_pass""}, {""km"": 14.63, ""type"": ""true_pass""}, {""km"": 14.74, ""type"": ""true_pass""}, {""km"": 14.85, ""type"": ""true_pass""}, {""km"": 14.96, ""type"": ""true_pass""}, {""km"": 15.07, ""type"": ""true_pass""}, {""km"": 15.18, ""type"": ""true_pass""}, {""km"": 15.29, ""type"": ""true_pass""}, {""km"": 15.4, ""type"": ""true_pass""}, {""km"": 15.51, ""type"": ""true_pass""}, {""km"": 15.62, ""type"": ""true_pass""}, {""km"": 15.73, ""type"": ""true_pass""}, {""km"": 15.84, ""type"": ""true_pass""}, {""km"": 15.95, ""type"": ""true_pass""}]",2026-01-07 00:33:50 UTC,v2.0.3,local,"runners.csv, segments.csv","10k:440, full:420, half:460",5.0,100.0
J5,Half Turn to Bridge/Mill (Slow Half / Fast Full),full,half,368,912,counterflow,34.34,36.93,10.75,13.43,1.5,91,0,"2543, 2551, 2558, ... (10 total)",,24.7,0.0,38,24,489,136,0.2,0.0,7,0,True,True,True,True,True,34.43,34.69,,200.0,1,"[{""km"": 34.34, ""type"": ""true_pass""}, {""km"": 34.45, ""type"": ""true_pass""}, {""km"": 34.56, ""type"": ""true_pass""}, {""km"": 34.67, ""type"": ""true_pass""}, {""km"": 34.78, ""type"": ""true_pass""}, {""km"": 34.89, ""type"": ""true_pass""}, {""km"": 35.0, ""type"": ""true_pass""}, {""km"": 35.11, ""type"": ""true_pass""}, {""km"": 35.22, ""type"": ""true_pass""}, {""km"": 35.33, ""type"": ""true_pass""}, {""km"": 35.44, ""type"": ""true_pass""}, {""km"": 35.55, ""type"": ""true_pass""}, {""km"": 35.65, ""type"": ""true_pass""}, {""km"": 35.76, ""type"": ""true_pass""}, {""km"": 35.87, ""type"": ""true_pass""}, {""km"": 35.98, ""type"": ""true_pass""}, {""km"": 36.09, ""type"": ""true_pass""}, {""km"": 36.2, ""type"": ""true_pass""}, {""km"": 36.31, ""type"": ""true_pass""}, {""km"": 36.42, ""type"": ""true_pass""}, {""km"": 36.53, ""type"": ""true_pass""}, {""km"": 36.64, ""type"": ""true_pass""}, {""km"": 36.75, ""type"": ""true_pass""}, {""km"": 36.86, ""type"": ""true_pass""}]",2026-01-07 00:33:50 UTC,v2.0.3,local,"runners.csv, segments.csv","10k:440, full:420, half:460",5.0,100.0
K1,Bridge/Mill to Station Rd. (Full and Half),full,half,368,912,overtake,37.12,40.57,16.02,19.47,3.0,231,0,"2543, 2595, 2648, ... (10 total)",,62.8,0.0,196,269,6639,555,1.9,0.0,16,0,True,True,True,True,True,37.36,37.71,,200.0,2,"[{""km"": 37.12, ""type"": ""true_pass""}, {""km"": 37.22, ""type"": ""true_pass""}, {""km"": 37.33, ""type"": ""true_pass""}, {""km"": 37.43, ""type"": ""true_pass""}, {""km"": 37.54, ""type"": ""true_pass""}, {""km"": 37.65, ""type"": ""true_pass""}, {""km"": 37.75, ""type"": ""true_pass""}, {""km"": 37.86, ""type"": ""true_pass""}, {""km"": 37.96, ""type"": ""true_pass""}, {""km"": 38.06, ""type"": ""true_pass""}, {""km"": 38.17, ""type"": ""true_pass""}, {""km"": 38.28, ""type"": ""true_pass""}, {""km"": 38.39, ""type"": ""true_pass""}, {""km"": 38.49, ""type"": ""true_pass""}, {""km"": 38.59, ""type"": ""true_pass""}, {""km"": 38.7, ""type"": ""true_pass""}, {""km"": 38.8, ""type"": ""true_pass""}, {""km"": 38.91, ""type"": ""true_pass""}, {""km"": 39.02, ""type"": ""true_pass""}, {""km"": 39.12, ""type"": ""true_pass""}, {""km"": 39.23, ""type"": ""true_pass""}, {""km"": 39.33, ""type"": ""true_pass""}, {""km"": 39.43, ""type"": ""true_pass""}, {""km"": 39.54, ""type"": ""true_pass""}, {""km"": 39.65, ""type"": ""true_pass""}, {""km"": 39.76, ""type"": ""true_pass""}, {""km"": 39.86, ""type"": ""true_pass""}, {""km"": 39.96, ""type"": ""true_pass""}, {""km"": 40.07, ""type"": ""true_pass""}, {""km"": 40.17, ""type"": ""true_pass""}, {""km"": 40.28, ""type"": ""true_pass""}, {""km"": 40.39, ""type"": ""true_pass""}, {""km"": 40.49, ""type"": ""true_pass""}]",2026-01-07 00:33:50 UTC,v2.0.3,local,"runners.csv, segments.csv","10k:440, full:420, half:460",5.0,100.0
L1a,Station Rd. to Trail/Aberdeen,10k,half,618,912,merge,8.1,9.75,19.2,20.85,100.0,0,34,,"1620, 1621, 1625, ... (10 total)",0.0,3.7,8,4,158,50,0.0,0.1,0,4,True,True,True,True,True,8.22,8.39,,150.0,2,"[{""km"": 8.1, ""type"": ""true_pass""}, {""km"": 8.21, ""type"": ""true_pass""}, {""km"": 8.31, ""type"": ""true_pass""}, {""km"": 8.41, ""type"": ""true_pass""}, {""km"": 8.51, ""type"": ""true_pass""}, {""km"": 8.61, ""type"": ""true_pass""}, {""km"": 8.72, ""type"": ""true_pass""}, {""km"": 8.82, ""type"": ""true_pass""}, {""km"": 8.92, ""type"": ""true_pass""}, {""km"": 9.02, ""type"": ""true_pass""}, {""km"": 9.13, ""type"": ""true_pass""}, {""km"": 9.23, ""type"": ""true_pass""}, {""km"": 9.33, ""type"": ""true_pass""}, {""km"": 9.44, ""type"": ""true_pass""}, {""km"": 9.54, ""type"": ""true_pass""}, {""km"": 9.64, ""type"": ""true_pass""}, {""km"": 9.75, ""type"": ""true_pass""}]",2026-01-07 00:33:50 UTC,v2.0.3,local,"runners.csv, segments.csv","10k:440, full:420, half:460",5.0,100.0
L1b,Station Rd. to Trail/Aberdeen,10k,full,618,368,merge,8.1,9.75,18.65,20.3,100.0,0,268,,"2543, 2576, 2605, ... (10 total)",0.0,72.8,245,244,4236,545,0.0,2.0,0,15,True,True,True,True,True,8.22,8.39,,150.0,2,"[{""km"": 8.1, ""type"": ""true_pass""}, {""km"": 8.21, ""type"": ""true_pass""}, {""km"": 8.31, ""type"": ""true_pass""}, {""km"": 8.41, ""type"": ""true_pass""}, {""km"": 8.51, ""type"": ""true_pass""}, {""km"": 8.61, ""type"": ""true_pass""}, {""km"": 8.72, ""type"": ""true_pass""}, {""km"": 8.82, ""type"": ""true_pass""}, {""km"": 8.92, ""type"": ""true_pass""}, {""km"": 9.02, ""type"": ""true_pass""}, {""km"": 9.13, ""type"": ""true_pass""}, {""km"": 9.23, ""type"": ""true_pass""}, {""km"": 9.33, ""type"": ""true_pass""}, {""km"": 9.44, ""type"": ""true_pass""}, {""km"": 9.54, ""type"": ""true_pass""}, {""km"": 9.64, ""type"": ""true_pass""}, {""km"": 9.75, ""type"": ""true_pass""}]",2026-01-07 00:33:50 UTC,v2.0.3,local,"runners.csv, segments.csv","10k:440, full:420, half:460",5.0,100.0
L1c,Station Rd. to Trail/Aberdeen,half,full,912,368,overtake,19.2,20.85,18.65,20.3,100.0,0,0,,,0.0,0.0,570,142,3615,712,2.9,0.0,23,0,True,False,False,False,False,20.12,20.28,SPATIAL_ONLY_NO_TEMPORAL,150.0,10,"[{""km"": 19.2, ""type"": ""true_pass""}, {""km"": 19.3, ""type"": ""true_pass""}, {""km"": 19.4, ""type"": ""true_pass""}, {""km"": 19.5, ""type"": ""true_pass""}, {""km"": 19.6, ""type"": ""true_pass""}, {""km"": 19.7, ""type"": ""true_pass""}, {""km"": 19.8, ""type"": ""true_pass""}, {""km"": 19.9, ""type"": ""true_pass""}, {""km"": 20.0, ""type"": ""true_pass""}, {""km"": 20.1, ""type"": ""true_pass""}, {""km"": 20.2, ""type"": ""true_pass""}]",2026-01-07 00:33:50 UTC,v2.0.3,local,"runners.csv, segments.csv","10k:440, full:420, half:460",5.0,100.0
L2,Station Rd. to Trail/Aberdeen,full,full,368,368,counterflow,40.57,41.95,40.57,41.95,1.5,2,2,"2796, 2893","2796, 2893",0.5,0.5,368,368,1687,368,0.0,0.0,1,1,True,True,True,True,True,40.57,40.64,,150.0,0,"[{""km"": 40.57, ""type"": ""true_pass""}, {""km"": 40.68, ""type"": ""true_pass""}, {""km"": 40.79, ""type"": ""true_pass""}, {""km"": 40.9, ""type"": ""true_pass""}, {""km"": 41.01, ""type"": ""true_pass""}, {""km"": 41.12, ""type"": ""true_pass""}, {""km"": 41.23, ""type"": ""true_pass""}, {""km"": 41.34, ""type"": ""true_pass""}, {""km"": 41.45, ""type"": ""true_pass""}, {""km"": 41.56, ""type"": ""true_pass""}, {""km"": 41.67, ""type"": ""true_pass""}, {""km"": 41.78, ""type"": ""true_pass""}, {""km"": 41.89, ""type"": ""true_pass""}]",2026-01-07 00:33:50 UTC,v2.0.3,local,"runners.csv, segments.csv","10k:440, full:420, half:460",5.0,100.0
M2a,Trail/Aberdeen to Finish,10k,half,618,912,none,9.75,10.0,20.85,21.1,100.0,0,17,,"1631, 1633, 1634, ... (10 total)",0.0,1.9,8,11,55,37,0.0,0.0,0,4,True,True,True,True,True,9.75,9.8,,100.0,0,"[{""km"": 9.75, ""type"": ""true_pass""}, {""km"": 9.85, ""type"": ""true_pass""}, {""km"": 9.95, ""type"": ""true_pass""}]",2026-01-07 00:33:50 UTC,v2.0.3,local,"runners.csv, segments.csv","10k:440, full:420, half:460",5.0,100.0
M2b,Trail/Aberdeen to Finish (Full QS Loop),10k,full,618,368,none,9.75,10.0,20.3,20.55,100.0,0,124,,"2543, 2562, 2640, ... (10 total)",0.0,33.7,261,219,1800,538,0.0,1.2,0,10,True,True,True,True,True,9.8,9.9,,100.0,1,"[{""km"": 9.75, ""type"": ""true_pass""}, {""km"": 9.85, ""type"": ""true_pass""}, {""km"": 9.95, ""type"": ""true_pass""}]",2026-01-07 00:33:50 UTC,v2.0.3,local,"runners.csv, segments.csv","10k:440, full:420, half:460",5.0,100.0
M2c,Trail/Aberdeen to Finish (Full QS Loop),half,full,912,368,none,20.85,21.1,20.3,20.55,100.0,96,0,"1620, 1626, 1637, ... (10 total)",,10.5,0.0,306,108,1139,461,0.2,0.0,4,0,True,True,True,True,True,20.9,21.0,,100.0,1,"[{""km"": 20.85, ""type"": ""true_pass""}, {""km"": 20.95, ""type"": ""true_pass""}, {""km"": 21.05, ""type"": ""true_pass""}]",2026-01-07 00:33:50 UTC,v2.0.3,local,"runners.csv, segments.csv","10k:440, full:420, half:460",5.0,100.0
M2d,Trail/Aberdeen to Finish,full,full,368,368,none,41.95,42.2,41.95,42.2,100.0,1,1,2734,2734,0.3,0.3,367,367,961,367,0.0,0.0,1,1,True,True,True,True,True,41.95,42.0,,100.0,0,"[{""km"": 41.95, ""type"": ""true_pass""}, {""km"": 42.06, ""type"": ""true_pass""}, {""km"": 42.17, ""type"": ""true_pass""}]",2026-01-07 00:33:50 UTC,v2.0.3,local,"runners.csv, segments.csv","10k:440, full:420, half:460",5.0,100.0
