loc_id,loc_label,loc_type,loc_direction,lat,lon,proxy_loc_id,seg_id,day,zone,full,half,10k,elite,open,buffer,interval,fpf_count,awp_count,yssr_count,vol_count,caf_count,sja_count,fdsa_count,ofc_count,onepage,equipment,contact,notes
1,Regent Street and McLeod Street,traffic,Barricade closing McLeod @ Regent,45.95435,-66.644418,2,,sun,7,n,n,n,n,n,10,5,0,0,1,0,0,0,0,0,y,Provided by YSSR,YSSR Event/Site Lead,Barricade closing McLeod @ Regent. No thru traffic -- local only when no runners. Apartment residents on McLeod and church attendees can access parking lot before St John street when no runners.
2,St. John Street and McLeod,course,Barricade closing McLeod and St John Streets,45.953331,-66.642451,,G1,sun,7,y,n,n,n,n,10,5,0,0,1,0,0,0,0,0,y,Provided by YSSR,YSSR Event/Site Lead,Barricade closing McLeod and St John Streets. No traffic until last marathon runner has complete the Queen Sq. loop. Continued closure at Aberdeen and St John.
3,Parking Lot 776 McLeod (Apt),course,Monitor Parking Lot traffic when runners on course,45.952483,-66.641158,,G1,sun,7,y,n,n,n,n,10,5,0,0,1,0,0,0,0,0,y,Provided by YSSR; VOL - None Required.,YSSR: YSSR Site/Event Lead. VOL: Volunteer Coordinator via text/phone at (506) 555-1234,Monitor Parking Lot traffic when runners on course. Any vehicles entering or exiting must wait for when there are no runners and proceed to exit to Beaverbrook and not via McLeod to Regent St.
4,Parking Lot 845 McLeod (Apt),course,Monitor Parking Lot traffic when runners on course,45.951594,-66.640767,,G1,sun,7,y,n,n,n,n,10,5,0,0,0,1,0,0,0,0,y,None,Fredericton Marathon Volunteer Coordinator.,Monitor Parking Lot traffic when runners on course. Any vehicles entering or exiting must wait for when there are no runners and proceed to exit to Beaverbrook and not via McLeod to Regent St.
5,Church Street and McLeod Street,course,Both directions,45.952202,-66.640368,,G1,sun,7,y,n,n,n,n,10,5,0,0,0,1,0,0,0,0,y,Provided by YSSR,YSSR Event/Site Lead,Both directions. Any vehicles entering or exiting must wait for when there are no runners.
6,Beaverbrook Street and McLeod Street,course,Southbound Traffic,45.951258,-66.641751,,G1,sun,7,y,n,n,n,n,10,5,0,0,2,0,0,0,0,0,y,Provided by YSSR,YSSR Event/Site Lead,No thru traffic from Beaverbrook unless local resident and will need to wait for a period of no runners. This section is used for Full Marathoners on their Queen Square loop.
7,Scully at Saint John Street,course,Northbound,45.953962,-66.642003,,G1,sun,7,y,n,n,n,n,10,5,0,0,1,0,0,0,0,0,y,Provided by YSSR,YSSR Event/Site Lead,"St. John Street closed, no traffic allowed from Scully. Any traffic will need to turn back to Regent Street. Continued closure at Aberdeen and St John."
8,Aberdeen at St John Street,traffic,Northbound,45.954607,-66.641402,92,,sun,7,n,n,n,n,n,10,5,0,0,1,0,0,0,0,0,y,Provided by YSSR,YSSR Event/Site Lead,"St. John Street closed, no traffic allowed from Aberdeen. Any traffic will need to turn back to Regent Street until last runner. *Important Note:* Emergency Access route to Queen Square. "
9,Aberdeen Street and Queen Sq. (Finish/Marathon Loop),course,West from walking trail.,45.95449419,-66.64110575,,G1,sun,7,y,n,n,n,n,10,5,0,0,4,0,0,0,0,0,y,Provided by YSSR,YSSR Event/Site Lead,Relocated resources from downtown closures once re-opened who will support other resources with crowd control at finish line to ensure that runners in the Marathon have space to make the loop. 
10,Churchill Row and St. John Street,course,Northbound,45.955478,-66.640544,,A1,sun,1,y,y,y,n,n,10,5,0,0,2,0,0,0,0,0,y,Provided by YSSR,YSSR Event/Site Lead,"While St. John Street is closed for the start of the Full, 10K and Half (see website for start-times), no traffic is permitted to cross as there will be little gap between runners."
11,Charlotte Street and St. John Street,course,Northbound,45.956421,-66.639702,,A1,sun,1,y,y,y,n,n,10,5,0,0,2,0,0,0,0,0,y,Provided by YSSR,YSSR Event/Site Lead,"While St. John Street is closed for the start of the Full, 10K and Half (see website for start-times), no traffic is permitted to cross as there will be little gap between runners."
12,Charlotte Street at trail crossing,course,Runners crossing both ways,45.95488,-66.636112,,"""H1,L1,L2""",sun,1,y,y,y,n,n,10,5,0,0,2,0,0,0,0,0,y,Provided by YSSR,YSSR Event/Site Lead,Stop traffic from crossing the trail while runners are crossing. Expect bi-directional traffic with Marathoners coming from Queen Sq. Loop and heading North. All runners heading southbound to Queen Square.
13,George Street and St. John Street,course,Barricade closing St. John,45.957321,-66.63893,,A1,sun,1,y,y,y,n,n,10,5,0,0,2,0,0,0,0,0,y,Provided by YSSR,YSSR Event/Site Lead,"While St. John Street is closed for the start of the Full, 10K and Half (see website for start-times), no traffic is permitted to cross as there will be little gap between runners."
14,George Street at trail crossing,course,Runners Crossing Street both ways,45.955786,-66.635219,,"""H1,L1,L2""",sun,1,y,y,y,n,n,10,5,0,0,2,0,0,0,0,0,y,Provided by YSSR,YSSR Event/Site Lead,Stop traffic from crossing the trail while runners are crossing. Expect bi-directional traffic with Marathoners coming from Queen Sq. Loop and heading North. All runners heading southbound to Queen Square.
15,Aberdeen Street and Church Street,course,Barricade closing Aberdeen Street,45.95361713,-66.63908122,,"""M1,M2""",sun,1,y,y,y,n,n,10,5,0,0,1,0,0,0,0,0,y,Provided by YSSR,YSSR Event/Site Lead,Church at Aberdeen is closed with no traffic permitted through this intersection given it is on the sprint to the Finish line. Closed until last runner clears.
16,Brunswick Street and St. John Street,course,Barricade closing St. John,45.958304,-66.638093,,A1,sun,1,y,y,y,n,n,10,5,0,0,2,0,0,0,0,0,y,Provided by YSSR,YSSR Event/Site Lead,St. John Street closed with no traffic allowed until last half runner clears.
17,Brunswick Street and Regent Street,traffic,Barricade closing Brunswick,45.959199,-66.640228,16,,sun,1,n,n,n,n,n,10,5,0,0,1,0,0,0,0,0,y,Provided by YSSR,YSSR Event/Site Lead,"Brunswick Street closed, no traffic allowed until last runner half marathon runner clears."
18,King Street and St. John Street,traffic,Barricade closing St. John,45.959267,-66.637395,24,,sun,1,n,n,n,n,n,10,5,0,0,2,0,0,0,0,0,y,Provided by YSSR,YSSR Event/Site Lead,"St. John Street closed, no traffic allowed until last runner  clears."
19,King Street at Regent (SJ St. Tim Drive Thru),traffic,Barricade closing King Street,45.959853,-66.638769,24,,sun,1,n,n,n,n,n,10,5,0,0,1,0,0,0,0,0,y,Provided by YSSR,YSSR Event/Site Lead,"King Street Closed, no traffic allowed until last runner  clears St John and King intersection. Tim's drive-thru will need to exit to Regent St."
20,King Street and Church Street,traffic,Barricade closing King Street,45.958298,-66.635035,30,,sun,1,n,n,n,n,n,10,5,0,0,1,0,0,0,0,0,y,Provided by YSSR,YSSR Event/Site Lead,"King Street Closed, no traffic allowed until last runner clears."
21,University/Waterloo heading to Queen,traffic,Barricade closing Queen Street,45.956257,-66.6332,30,,sun,1,n,n,n,n,n,10,5,0,0,1,0,0,0,0,0,y,Provided by YSSR,YSSR Event/Site Lead,"Queen St Closed, no traffic allowed. Closed until last runner has cleared Regent & Ste Ann Pte."
22,Queen Street and Church Street,traffic,Barricade closing Queen Street,45.958632,-66.634728,30,,sun,1,n,n,n,n,n,10,5,0,0,1,0,0,0,0,0,y,Provided by YSSR,YSSR Event/Site Lead,"Queen Street Closed, no traffic allowed until last runner has cleared Queen Street at Ste. Anne Pte."
23,Walking Bridge on South Side,course,Runners crossing both ways,45.956436,-66.632974,,"""H1,L1,L2""",sun,1,y,y,y,n,n,10,5,0,0,0,2,0,0,0,0,y,High Visibility Vest,Fredericton Marathon Volunteer Coordinator.,"Ensure runners stay on trail and do not exit down to street level trail by the trail hut. Expect runners from both directions (north to south, south to north). *Important Note: Walking bridge will remain open to public use and politely inform groups coming onto bridge of event in progress."
24,Queen Street and St. John Street,course,Barricade closing Queen Street,45.960146,-66.636466,,A1,sun,1,y,y,y,n,n,10,5,0,0,2,0,0,0,0,0,y,Provided by YSSR,YSSR Event/Site Lead,"Queen Street Closed, no traffic allowed until last runner has cleared Queen Street at Ste. Anne Pte."
25,Crowne Plaza Parking Lot Entrance,course,Barricade closing Queen Street,45.960715,-66.637496,,A1,sun,1,y,y,y,n,n,10,5,0,0,1,0,0,0,0,0,y,Provided by YSSR,YSSR Event/Site Lead,"Queen Street Closed, no traffic allowed until last runner has cleared Queen Street at Ste. Anne Pte."
26,Hilton Garden Inn Parking Entrance,course,Barricade closing Queen Street,45.96069,-66.637867,,A1,sun,1,y,y,y,n,n,10,5,0,0,1,0,0,0,0,0,y,Provided by YSSR,YSSR Event/Site Lead,"Queen Street Closed, no traffic allowed until last runner has cleared Queen Street at Ste. Anne Pte."
27,Ste Anne Pte at WSB On-Ramp (North),traffic,Northbound Traffic via Ste Anne Pte & WSB Ramp,45.96513281,-66.64377409,33,,sun,1,n,n,n,n,n,40,5,0,1,0,0,0,0,0,0,y,Provided by AWP,AWP Site/Event Leader,WSB Northbound On-Ramp from St. Anne's Point (westbound) can not use the on-ramp while runners on the WSB. Redirect traffic to Regent & Queen for northbound access on WSB via Queen at Westmorland/Queen St. Access closed until all runners off the bridge and CoF Traffic gives all clear with traffic cones and signage. 
28,Queen at Westmorland Street,traffic,Northside Access,45.963962,-66.645133,33,,sun,1,n,n,n,n,n,40,5,1,1,0,0,0,0,0,0,y,Provided by AWP and FPF,AWP Site/Event Leader. FPF through FPF Event Lead,1 AWP Truck Required. Traffic control at the southside of the WSB directing traffic to/from the uni-directional traffic pattern. Direct westbound traffic on Queen Street into the new traffic flow on WSB. The dedicated right turn-lane from Queen onto WSB will be inaccessible. 1 AWP truck
29,Turn onto St. Anne's Point via Queen Street,course,Northside Access,45.961142,-66.638526,,A2,sun,1,y,y,y,n,n,50,5,0,1,0,0,0,0,0,0,y,Provided by AWP,AWP Site/Event Leader,1 AWP Truck Required. Block traffic from going on to St. Anne's Point from Queen & St John Streets (which are already barricaded). Access closed until all runners off the bridge and CoF Traffic gives all clear with traffic cones and signage. 
30,Regent and Queen,course,Northside Access,45.961102,-66.63874,,A2,sun,1,y,y,y,n,n,50,5,1,1,0,0,0,0,0,0,y,Provided by AWP and FPF,AWP Site/Event Leader. FPF through FPF Event Lead,1 AWP Truck Required. Block traffic from going on to St. Anne's Point and right onto Queen Street. All traffic must turn left on Queen St. heading West. Access closed until all runners off the bridge and CoF Traffic gives all clear with traffic cones and signage. 
31,Buffer Lane (WSB Bridge),course,Northbound Traffic,45.968345,-66.642756,,A3,sun,1,y,y,y,n,n,40,5,1,4,0,0,0,0,0,0,y,Provided by AWP and FPF,AWP Site/Event Leader. FPF through FPF Event Lead,"2 AWP Trucks Required in Buffer during the Partial Closure. Expect City Roads & Streets and FPF on location to provide directions before, during and transition from Partial Closure to full 4-lane operations. Access closed until all runners off the bridge and CoF Traffic gives all clear with traffic cones and signage. "
32,WSB and Cliffe Street Off Ramp,course,Northbound Traffic,45.970217,-66.64178,,A3,sun,1,y,y,y,n,n,40,5,0,1,0,0,0,0,0,0,y,Provided by AWP,AWP Site/Event Leader,Ramp before Union St. Close off ramp to prevent runners from taking the wrong way. Ramp remains inaccessible until bridge re-opened by FPF and City Traffic
33,WSB and Cliffe Street Off Ramp,course,Northbound Traffic,45.97154109,-66.6410845,,A3,sun,1,y,y,y,n,n,40,5,0,1,0,0,0,0,0,0,y,Provided by AWP,AWP Site/Event Leader,Main/Union Off Ramp runners *must* exit straight down the ramp to Union Street. Pylon on the Main Street leaf to prevent runners from taking the right around the clover-leaf. Ramp remains inaccessible until bridge re-opened by FPF and City Traffic
34,Northside of Bridge ,traffic,Southbound Traffic,45.976588,-66.638132,33,,sun,1,n,n,n,n,n,40,5,1,0,0,0,0,0,0,0,y,None,FPF Event Lead,Direct traffic on to the Westmorland Street Bridge during the partial closure. Remain in place until all runners off the bridge and CoF Traffic gives all clear with traffic cones and signage. 
35,Main Street at Devonshire Drive,traffic,East to Union St.,45.974748,-66.644237,38,,sun,2,n,n,n,n,n,10,5,0,1,0,0,0,0,0,0,y,Provided by AWP,AWP Site/Event Leader,1 AWP Truck Required. Close access to Union Street.  Drivers can use Devonshire Dr. as alternate. Access closed until all runners off the bridge and across to the Northside Trail.
36,Devonshire (westbound) exit onto Main Street,traffic,Close access to eastbound on Union to Main. ,45.97443167,-66.64400497,38,,sun,2,n,n,n,n,n,10,5,0,1,0,0,0,0,0,0,y,Provided by AWP,AWP Site/Event Leader,"Close access to Main Street via the right-turn-lane from Devonshire Dr..  Access closed until all runners off the bridge. Drivers permitted to turn onto Main Street, heading West."
37,Union Street (End of Ramp),course,Direct Runners down Union to Friel Street,45.973346,-66.639741,,A3,sun,2,y,y,y,n,n,10,5,0,1,0,0,0,0,0,0,y,Provided by AWP,AWP Site/Event Leader,Close access to Union Street at Friel and Douglas and remains closed until all runners off the bridge.  Direct runners to head East on Union to be directed up Friel street.
38,Friel Street and Union Street,course,Runners crossing Union Street onto Friel St.,45.972996,-66.638679,,A3,sun,2,y,y,y,n,n,10,5,0,1,0,0,0,0,0,0,y,Provided by AWP and FPF,AWP Site/Event Leader. FPF through FPF Event Lead,Runners coming down WSB ramp onto Union heading to Friel and the Northside Trail. Traffic control as runners are crossing. 
39,Trail at McKeen,course,East to Station Rd with runners crossing street on trail,45.972957,-66.635799,,E1,sun,2,y,y,y,n,n,10,5,0,0,0,2,0,0,0,0,y,High Visibility Vest,Fredericton Marathon Volunteer Coordinator.,Stop traffic in both directions while runners are crossing trail. All runners coming from Friel Street and resources at this location must anticipate a runner crossing by stopping traffic ahead of the runner reaching the intersection. Runners have the priority during the operational window. 
40,Trail at Jaffery,course,East to Station Rd with runners crossing street on trail,45.972713,-66.635128,,E1,sun,2,y,y,y,n,n,10,5,0,0,0,2,0,0,0,0,y,High Visibility Vest,Fredericton Marathon Volunteer Coordinator.,Stop traffic in both directions while runners are crossing trail. All runners coming from Friel Street and resources at this location must anticipate a runner crossing by stopping traffic ahead of the runner reaching the intersection. Runners have the priority during the operational window. 
41,St. Mary's Street and trail,course,East to Station Rd with runners crossing street on trail,45.972477,-66.634481,,E1,sun,2,y,y,y,n,n,10,5,0,2,0,0,0,0,0,0,y,Provided by AWP,AWP Site/Event Leader,Stop traffic in both directions while runners are crossing the street. *Important Note:* this is a high traffic location during peak window. Anticipate traffic stop ahead of runner reaching the intersection. Runners have priority crossing. 
42,Cliffe Street and trail,course,East to Station Rd with runners crossing street on trail,45.971631,-66.63265,,E1,sun,2,y,y,y,n,n,10,5,0,2,0,0,0,0,0,0,y,Provided by AWP,AWP Site/Event Leader,Stop traffic in both directions while runners are crossing the street. *Important Note:* this is a high traffic location during peak window. Anticipate traffic stop ahead of runner reaching the intersection. Runners have priority crossing. 
43,Trail at Hughes,course,East to Station Rd with runners crossing street on trail,45.970714,-66.631404,,E1,sun,2,y,y,y,n,n,10,5,0,0,0,2,0,0,0,0,y,High Visibility Vest,Fredericton Marathon Volunteer Coordinator.,Stop traffic in both directions while runners are crossing trail. All runners coming from Friel Street and resources at this location must anticipate a runner crossing by stopping traffic ahead of the runner reaching the intersection. Runners have the priority during the operational window. 
44,Trail at Clark ,course,East to Station Rd with runners crossing street on trail,45.968541,-66.62843,,E2,sun,2,y,y,y,n,n,10,5,0,0,0,2,0,0,0,0,y,High Visibility Vest,Fredericton Marathon Volunteer Coordinator.,Stop traffic in both directions while runners are crossing trail. All runners coming from Friel Street and resources at this location must anticipate a runner crossing by stopping traffic ahead of the runner reaching the intersection. Runners have the priority during the operational window. 
45,Trail at Neil,course,East to Station Rd with runners crossing street on trail,45.966391,-66.62559,,E2,sun,2,y,y,y,n,n,10,5,0,0,0,2,0,0,0,0,y,High Visibility Vest,Fredericton Marathon Volunteer Coordinator.,Stop traffic in both directions while runners are crossing trail. All runners coming from Friel Street and resources at this location must anticipate a runner crossing by stopping traffic ahead of the runner reaching the intersection. Runners have the priority during the operational window. 
46,Trail at Pine,course,East to Station Rd with runners crossing street on trail,45.965865,-66.624915,,E3,sun,2,y,y,y,n,n,10,5,0,0,0,2,0,0,0,0,y,High Visibility Vest,Fredericton Marathon Volunteer Coordinator.,Stop traffic in both directions while runners are crossing trail. All runners coming from Friel Street and resources at this location must anticipate a runner crossing by stopping traffic ahead of the runner reaching the intersection. Runners have the priority during the operational window. 
47,Trail at Gill,course,East to Station Rd with runners crossing street on trail,45.965322,-66.624234,,E3,sun,2,y,y,y,n,n,10,5,0,0,0,2,0,0,0,0,y,High Visibility Vest,Fredericton Marathon Volunteer Coordinator.,Stop traffic in both directions while runners are crossing trail. All runners coming from Friel Street and resources at this location must anticipate a runner crossing by stopping traffic ahead of the runner reaching the intersection. Runners have the priority during the operational window. 
48,Trail and Gibson Street,course,East to Station Rd with runners crossing street on trail,45.962892,-66.620926,,E4,sun,2,y,y,y,n,n,10,5,0,2,0,0,0,0,0,0,y,Provided by AWP or YSSR,AWP and YSSR Site/Event Leader,Stop traffic in both directions while runners are crossing the street. *Important Note:* this is a high traffic location during peak window. Anticipate traffic stop ahead of runner reaching the intersection. Runners have priority crossing. 
49,Baker at Station,course,North (10K turn); East (Half and South (Full turn),45.959578,-66.619601,,"""E4,K4""",sun,2,y,y,y,n,n,10,5,0,0,1,2,0,0,0,0,y,Provided by YSSR; High Vis Vest from FM for VOL.,YSSR Event/Site Lead. Volunteer Coordinator for VOL.,Stop traffic from crossing the trail towards soccer fields / treatment plant while runners are there. Volunteers to aid runners in navigating the area.
50,Greenwood Drive (at Watters),course,East to Gibson Trail,45.953734,-66.617356,,I1,sun,4,y,y,n,n,n,10,5,0,2,0,0,0,0,0,0,y,Provided by AWP,AWP Site/Event Leader,1 AWP Truck Required. Stop traffic from proceeding across the street/trail intersection as runners are approaching / crossing. Runners have priority during the operational window.
51,Greenwood Drive (at Gibson Trail),course,North to Marysville,45.953354,-66.606298,,I2,sun,4,y,y,n,n,n,10,5,0,2,0,0,0,0,0,0,y,Provided by AWP,AWP Site/Event Leader,1 AWP Truck Required. Second Greenwood traffic control point near the Baptist Church. Stop traffic from proceeding across the street/trail intersection as runners are approaching / crossing. Runners have priority during the operational window.
52,Bridge Street and River Street,traffic,"River Street to Mill St., crossing bridge",45.978916,-66.5895,56,,sun,4,n,n,n,n,n,10,5,0,1,0,0,0,0,0,0,y,Provided by AWP,AWP Site/Event Leader.,"Full closure from 06:15 to 09:30 a.m and drivers will be required to divert to River, Allen and Downing Streets and use Marysville Bypass (NB-8). No access to McGloin. Runners must use bridge sidewalk and not bridge deck."
53,Fisher at McGloin,course,Runners crossing street on trail,45.975889,-66.588228,,I4,sun,4,y,y,n,n,n,10,5,0,0,1,0,0,0,0,0,y,Provided by YSSR,YSSR Event/Site Lead,Stop local traffic from crossing the trail while runners exit Gibson Trail on to McGloin Street. Remains in place until last runner crosses Marysville Bridge and all clear is provided by your contact.
54,Gibson Trail exit at McGloin,course,Runners crossing street on trail,45.976241,-66.589311,,I4,sun,4,y,y,n,n,n,10,5,0,0,0,2,0,0,0,1,y,High Visibility Vest,Fredericton Marathon Volunteer Coordinator.,"As runners exit the Gibson Trail, direct onto McGloin Street that is the official course and *not* on to the sidewalk. "
55,Minue Terrace (South),course,Runners on McGloin,45.976862,-66.589644,,I5,sun,4,y,y,n,n,n,10,5,0,0,0,1,0,0,0,0,y,High Visibility Vest,Fredericton Marathon Volunteer Coordinator.,"Stop traffic from entering McGloin while runners are present. Local traffic must exit towards Bridge St. and not towards Fisher Ave (shortest path, avoids cross traffic with runners). The Marysville Bridge will be closed to all non-essential traffic until 09:30 and drivers will detour via Bridge to Marysville Bypass."
56,Minue Terrace (North),course,Runners on McGloin,45.977376,-66.58968,,I5,sun,4,y,y,n,n,n,10,5,0,0,0,1,0,0,0,0,y,High Visibility Vest,Fredericton Marathon Volunteer Coordinator.,"Stop traffic from entering McGloin while runners are present. Local traffic must exit towards Bridge St. and not towards Fisher Ave (shortest path, avoids cross traffic with runners). The Marysville Bridge will be closed to all non-essential traffic until 09:30 and drivers will detour via Bridge to Marysville Bypass."
57,Bridge Street at McGloin,course,Runners at Bridge & River,45.97880769,-66.58953752,,I5,sun,4,y,y,n,n,n,10,5,0,1,0,0,0,0,0,0,y,Provided by AWP,AWP Site/Event Leader,1 AWP Truck Required. No thru-traffic from Bridge/River Street to McGloin during Operational Window as runners will be on McGloin.
58,Bridge Street and Mill Street,course,Runners crossing Bridge St. both ways,45.97885161,-66.59189281,,"""J1,K1,J4,J5""",sun,4,y,y,n,n,n,10,5,1,0,2,0,0,0,0,0,y,Provided by YSSR; FPF,,"Full closure from 06:15 to 09:30 a.m. Afterwards, traffic control at this location as runners cross both directions. Runners have priority crossing during Operational Window. "
59,Half Turn (Penniac Bridge),course,Runners crossing Bridge St. both ways,45.99598,-66.5744,,"""J1,J4,J5""",sun,4,y,y,n,n,n,10,5,0,0,0,0,0,0,0,1,y,None,Course Operations Lead,Half Turn before Penniac Bridge; Full continue to Tree Farm for their Full Turn
60,Full Turn (Chase Tree Farm),course,Runners crossing Bridge St. both ways,46.00306077,-66.57616293,,"""J2,J3""",sun,4,y,y,n,n,n,10,5,0,0,0,0,0,0,0,1,y,None,Course Operations Lead,Full Turn at Tree Farm.
61,Canada Street and Miller Street,course,Traffic control both directions as runners cross street from trail.,45.975221,-66.592053,,K1,sun,6,y,y,n,n,n,10,5,0,1,2,0,0,0,0,0,y,Provided by AWP or YSSR,AWP and YSSR Site/Event Leader,1 AWP Truck Required. Runners cross Canada Street from trail heading to Kaine Street (southerly direction) coming up the trail from Bridge Street.
62,Kaine Street at trail,course,Traffic control both directions,45.973112,-66.592822,,K2,sun,6,y,y,n,n,n,10,5,0,0,2,0,0,0,0,0,y,Provided by YSSR,YSSR Event/Site Lead,Traffic control both directions as runners cross Kaine at trail.
63,Canada Street and Murray Avenue,course,Traffic control both directions,45.966065,-66.603455,,K3,sun,6,y,y,n,n,n,10,5,1,0,2,0,0,0,0,0,y,Provided by AWP and FPF,AWP Site/Event Leader. FPF through FPF Event Lead,Stop traffic from crossing the trail while full/half runners are heading southbound to Queen Sq.
64,Northside of Walking Bridge at Picaroons,course,Runners on trail both directions,45.957934,-66.624561,,"""L1,L2""",sun,6,y,y,y,n,n,10,5,0,0,0,2,0,0,0,0,y,None,Fredericton Marathon Volunteer Coordinator.,Stop any bike or foot traffic on the trail coming from Picaroons Roundhouse as runners are crossing. Remind event in progress and mindful or traffic on Walking Bridge (remains open).
65,Northside Trail meets sidewalk from Union St Cross-walk,course,Runners on trail both directions,45.974361,-66.640142,,"""B1,B2,B3""",sun,2,y,n,y,n,n,10,5,0,0,0,1,0,0,0,0,y,None,Fredericton Marathon Volunteer Coordinator.,"Stop non-participant foot & cycle traffic when runners are approaching. Expect runners from both directions (north to south, south to north). *Important Note: Walking bridge will remain open to public use and politely inform groups coming onto bridge of event in progress."
66,Northside Trail at Friel St.,course,Traffic control both directions as runners cross street from trail.,45.97375,-66.638189,,"""B1,B2,B3,E1""",sun,2,y,y,y,n,n,10,5,0,0,0,1,0,0,0,1,y,None,Fredericton Marathon Volunteer Coordinator.,Stop traffic from crossing the trail while runners are coming from both directions. This is a high traffic location during peak periods.
67,Northside Trail and Douglas Ave,course,Traffic control both directions,45.974816,-66.641483,,"""B1,B2,B3""",sun,2,y,n,y,n,n,10,5,0,0,1,0,0,0,0,0,y,Provided by YSSR,YSSR Event/Site Lead,Stop traffic from crossing the trail while runners are coming from both directions. High volume location during Peak Window. *Important Note:* Runners to keep right as trail is narrow.
68,Northside Trail and Lynn Ave.,course,Runners on trail both directions,45.975435,-66.643328,,"""B1,B2,B3""",sun,2,y,n,y,n,n,10,5,0,0,0,1,0,0,0,0,y,None,Volunteer Coordinator,Gate that prevents vehicle traffic entering trail. Watch for bikers and walkers from Preston Dr. Remind runners to keep right during Peak Period.
69,Northside Trail at Wallace,course,Traffic control both directions,45.976546,-66.646654,,"""B1,B2,B3""",sun,2,y,n,y,n,n,10,5,0,1,1,0,0,0,0,0,y,Provided by AWP or YSSR,AWP and YSSR Site/Event Leader,1 AWP Truck. Stop traffic from crossing the trail while runners are coming from both directions. High volume location during Peak Window. *Important Note:* Runners to keep right as trail is narrow.
70,Northside Trail at Fulton,course,Traffic control both directions,45.978656,-66.652984,,"""B1,B2,B3""",sun,2,y,n,y,n,n,10,5,0,1,1,0,0,0,0,0,y,Provided by AWP or YSSR,AWP and YSSR Site/Event Leader,1 AWP Truck. Stop traffic from crossing the trail while runners are coming from both directions. High volume location during Peak Window. *Important Note:* Runners to keep right as trail is narrow.
71,Northside Trail at 10K Turn,course,Runners crossing both ways,45.980158,-66.656539,,"""B1,B2,B3""",sun,2,y,n,y,n,n,10,5,0,0,0,0,0,0,0,2,y,None,Course Operations Lead,10K Turn; Full continue to Blake Court. *Important Note:* High volume/traffic location with runners returning from Full turn at Blake Ct. and slower Full continuing to Blake and 10K making a turn. Volunteers asked to give amble space to runners on narrow trail.
72,Northside Trail at Brookside,course,Traffic control both directions,45.980729,-66.657799,,"""C1,D3""",sun,2,y,n,n,n,n,10,5,1,0,1,0,0,0,0,0,y,Provided by YSSR; FPF,YSSR and FPF Leads,Stop traffic from crossing the trail while runners (coming both directions) are crossing Brookside from trail.
73,Northside Trail at Main (near Royal Rd.),course,Traffic control both directions,45.985086,-66.664253,,"""C1,D3""",sun,2,y,n,n,n,n,10,5,1,0,1,0,0,0,0,0,y,Provided by YSSR; FPF,YSSR and FPF Leads,Stop traffic from crossing the trail while runners are crossing. *Note: there is a fire station on Royal Road at Hawkins St. Be aware of Emergency Response Vehicles.*
74,Northside Trail at Manresa Dr.,course,Traffic control both directions,45.984623,-66.668401,,"""C2,D2""",sun,3,y,n,n,n,n,10,5,0,0,0,2,0,0,0,0,y,None,Fredericton Marathon Volunteer Coordinator.,Stop traffic from crossing the trail while runners (coming both directions) are crossing. Anticipate a runner crossing by stopping traffic ahead of the runner reaching the intersection. Runners have the priority during the operational window. 
75,Northside Trail at Bailey Ave.,course,Traffic control both directions,45.983519,-66.672653,,"""C2,D2""",sun,3,y,n,n,n,n,10,5,0,0,0,2,0,0,0,0,y,None,Fredericton Marathon Volunteer Coordinator.,Stop traffic from crossing the trail while runners (coming both directions) are crossing. Anticipate a runner crossing by stopping traffic ahead of the runner reaching the intersection. Runners have the priority during the operational window. 
76,Northside Trail at McAdam Ave.,course,Traffic control both directions,45.982789,-66.675723,,"""C2,D2""",sun,3,y,n,n,n,n,10,5,0,0,0,2,0,0,0,0,y,None,Fredericton Marathon Volunteer Coordinator.,Stop traffic from crossing the trail while runners (coming both directions) are crossing. Anticipate a runner crossing by stopping traffic ahead of the runner reaching the intersection. Runners have the priority during the operational window. 
77,Northside Trail at Sunset Dr. (Claremont Dr.),course,Traffic control both directions,45.97874,-66.692177,,"""C2,D2""",sun,2,y,n,n,n,n,10,5,1,0,4,0,0,0,0,0,y,Provided by YSSR; FPF,YSSR and FPF Leads,Stop traffic from crossing the trail while runners (coming both directions) are crossing. Runners must follow the course and additional YSSR resources added to direct runners diagonally across Sunset Dr. and not down the sidewalk to cross. Additional pylons will be place to block (direct) runners to cross diagonally. 
78,Northside Trail at Ruby St,course,Traffic control both directions,45.978451,-66.701054,,"""C3,D1""",sun,3,y,n,n,n,n,10,5,0,0,0,2,0,0,0,0,y,None,Fredericton Marathon Volunteer Coordinator.,Stop traffic from crossing the trail while runners (coming both directions) are crossing. Anticipate a runner crossing by stopping traffic ahead of the runner reaching the intersection. Runners have the priority during the operational window. 
79,Northside Trail at Jassper St,course,Traffic control both directions,45.978144,-66.705244,,"""C3,D1""",sun,3,y,n,n,n,n,10,5,0,0,0,2,0,0,0,0,y,None,Fredericton Marathon Volunteer Coordinator.,Stop traffic from crossing the trail while runners (coming both directions) are crossing. Anticipate a runner crossing by stopping traffic ahead of the runner reaching the intersection. Runners have the priority during the operational window. 
80,Northside Trail at Grasse Cir,course,Traffic control both directions,45.977954,-66.708235,,"""C3,D1""",sun,3,y,n,n,n,n,10,5,0,0,0,2,0,0,0,0,y,None,Fredericton Marathon Volunteer Coordinator.,Stop traffic from crossing the trail while runners (coming both directions) are crossing. Anticipate a runner crossing by stopping traffic ahead of the runner reaching the intersection. Runners have the priority during the operational window. 
81,Northside Trail at Pearl (across Spencer),course,Traffic control both directions,45.977615,-66.714907,,"""C3,D1""",sun,3,y,n,n,n,n,10,5,0,0,0,2,0,0,0,0,y,None,Fredericton Marathon Volunteer Coordinator.,Stop traffic from crossing the trail while runners (coming both directions) are crossing. Anticipate a runner crossing by stopping traffic ahead of the runner reaching the intersection. Runners have the priority during the operational window. 
82,Northside Trail at Pearl (near McGregor),course,Traffic control both directions,45.977588,-66.719198,,"""C3,D1""",sun,3,y,n,n,n,n,10,5,0,0,0,2,0,0,0,0,y,None,Fredericton Marathon Volunteer Coordinator.,Stop traffic from crossing the trail while runners (coming both directions) are crossing. Anticipate a runner crossing by stopping traffic ahead of the runner reaching the intersection. Runners have the priority during the operational window. 
83,Northside Trail at Blake Crt. (Full Turn),course,Traffic control both directions,45.977801,-66.723189,,"""C3,D1""",sun,3,y,n,n,n,n,10,5,0,0,0,2,0,0,0,1,y,None,Fredericton Marathon Volunteer Coordinator.,Stop traffic from crossing the trail while runners (coming both directions) are crossing. Anticipate a runner crossing by stopping traffic ahead of the runner reaching the intersection. Runners have the priority during the operational window. 
84,Water Stop: 10K Turn,water,Both directions,45.980047,-66.656338,,"""C1,D3""",sun,2,y,n,n,n,n,10,5,0,0,0,0,0,0,8,0,y,None,Fredericton Marathon Volunteer Coordinator.,"Water station for 10K and Full Runners. This is a high-traffic location during peak periods and a narrow trail. *Important Note:* volunteers are to stay on the side of the trail given the narrow width of each trail lane. Given the bi-directional flow (runners coming both directions) and the 10K turn, this will be a congested part of the course. "
85,Water Stop: Clements & McGregor ,water,Both directions,45.977665,-66.72117,,"""C3,D1""",sun,3,y,n,n,n,n,10,5,0,0,0,0,0,0,8,0,y,None,Fredericton Marathon Volunteer Coordinator.,Marathon runners only at this water stop with runners from both directions (heading to/from the Full turn at Blake Ct.)
86,Water Stop: Former Trail Hut,water,Both directions,45.958787,-66.620742,,"""L1,L2""",sun,7,y,y,y,n,n,10,5,0,0,0,0,0,0,8,0,y,None,Fredericton Marathon Volunteer Coordinator.,"Expect a high traffic volume as all runners will pass this water stop location. After making a loop around Queen Square, Full runners will be heading northbound and expect bi-directional traffic for a period during the operational window."
87,Water Stop: Aberdeen & St John,water,Both directions,45.95455,-66.641213,,G1,sun,7,y,n,n,n,n,10,5,0,0,0,0,0,0,8,0,y,None,Fredericton Marathon Volunteer Coordinator.,Marathon runners only as they are making the loop at Queen Sq.
88,Water Stop: Gibson Trail,water,Both directions,45.958828,-66.596392,,I3,sun,4,y,y,n,n,n,10,5,0,0,0,0,0,0,8,0,y,None,Fredericton Marathon Volunteer Coordinator.,Half & Full Marathon runners.
89,Water Stop: Mill St,water,Both directions,45.979279,-66.591863,,"""J1,J4,J5""",sun,5,y,y,n,n,n,10,5,0,0,0,0,0,0,8,0,y,None,Fredericton Marathon Volunteer Coordinator.,Half & Full Marathon runners. First will be Half coming across Marysville Bridge. The last runner will be returning from Tree Farm heading southbound. 
90,Water Stop: Peniac Bridge,water,Both directions,45.995937,-66.574436,,"""J1,J4,J5""",sun,5,y,y,n,n,n,10,5,0,0,0,0,0,0,8,0,y,None,Fredericton Marathon Volunteer Coordinator.,Half & Full Marathon runners. First will be Half coming from Mill St. to the Turn. Last runner will likely be a Full Marathoner coming back from Tree Farm.
91,Water Stop: Chase Xmas Tree Farm,water,Both directions,46.00275704,-66.57599018,,"""J2,J3""",sun,5,y,n,n,n,n,10,5,0,0,0,0,0,0,8,0,y,None,Fredericton Marathon Volunteer Coordinator.,Marathon runners only. Both directions as they are making a turn further out the trail.
92,Water Stop: Devon Lumber,water,Both directions,45.959884,-66.618586,,K4,sun,6,y,y,n,n,n,10,5,0,0,0,0,0,0,8,0,y,None,Fredericton Marathon Volunteer Coordinator.,"Full and Half runners. First runner will be Half. Last runner should be a Marathon runner. With new 10K course, there are no 10K runners at this location."
93,Water Stop: Finish Line,water,Uni Direction (Marathoner Loop),45.954291,-66.640752,,"""M1,M2""",sun,7,y,y,y,n,n,10,5,0,0,0,0,0,0,8,0,y,None,Fredericton Marathon Volunteer Coordinator.,All runners. First runner will be 10K. Last will be Marathoner.
94,Queen Square (Finish),aid,Uni Direction (Finish),45.954231,-66.640798,,"""M1,M2""",sun,7,y,y,y,n,n,10,5,0,0,0,0,0,3,0,0,y,SJA Provided,SJA Lead,SJA First Aid (Finish - All Runners)
95,Northside Trail at Kingsley Ct. (Behind Main Street Irving),aid,Both directions,45.98089,-66.657989,,"""C1,D3""",sun,2,y,y,y,n,n,10,5,0,0,0,0,0,3,0,0,y,SJA Provided,SJA Lead,SJA First Aid (Full)
96,Station Rd at Barker St,aid,Both directions,45.959344,-66.619594,,"""E4,H1,L1,K4""",sun,7,y,y,y,n,n,10,5,0,0,0,0,0,3,0,0,y,SJA Provided,SJA Lead,SJA First Aid (All Runners)
97,Bridge at Mill St,aid,Both directions,45.979519,-66.59192,,"""J1,K1,J4,J5""",sun,4,y,y,n,n,n,10,5,0,0,0,0,0,3,0,0,y,SJA Provided,SJA Lead,SJA First Aid (Full/Half)
98,Regent / Queen,course,Uni Direction from PSAB heading west on Queen,45.961152,-66.638708,,"""N1,N4,N8,O1,O4,O8""",sat,8,n,n,n,y,y,10,5,1,0,1,0,0,0,0,0,y,Provided by YSSR; FPF,YSSR and FPF Leads,Traffic control to close westbound access to Queen St. *YFR* Youth Fun Run that will extend the Operational Window for this location to 11:00 a.m.
99,Carleton at Queen,course,Uni - west on Queen,45.96209,-66.640924,,"""N1,N4,N8,O1,O4,O8""",sat,8,n,n,n,y,y,10,5,0,0,0,2,0,0,0,0,y,High Visibility Vest. Stop Sign. Radio.,Fredericton Marathon Volunteer Coordinator.,Westbound on Queen Street with 5K runners passing this location three times.  *YFR* Youth Fun Run that will extend the Operational Window for this location to 11:00 a.m.
100,Carleton at King,traffic,N/A - Traffic Control,45.96119,-66.64169,99,,sat,8,n,n,n,n,n,10,5,1,0,1,0,0,0,0,0,y,Provided by YSSR; FPF,YSSR and FPF Leads,Traffic northbound to Queen from King is restricted during events. Access to parking lot at Wilmot Church is permitted however drivers will be required to exit via King St.  *YFR* Youth Fun Run that will extend the Operational Window for this location to 11:00 a.m. for this location.
101,Wilmot Alley at King,traffic,Uni - west on Queen,45.961597,-66.642755,102,,sat,8,n,n,n,n,n,10,5,0,0,0,1,0,0,0,0,y,High Visibility Vest. Stop Sign. Radio.,Fredericton Marathon Volunteer Coordinator.,No thru traffic from King to Queen Street during events. Drivers are permitted to use the parking lot behind Mill Town but will face restrictions if existing during events.  *YFR* Youth Fun Run that will extend the Operational Window for this location to 11:00 a.m.
102,York at Queen,course,Uni - west on Queen,45.963062,-66.643097,,"""N1,N5,N9,O1,O5,O9""",sat,8,n,n,n,y,y,10,5,0,0,0,2,0,0,0,0,y,High Visibility Vest. Stop Sign. Radio.,Fredericton Marathon Volunteer Coordinator.,"Westbound on Queen Street with 5K runners passing this location three times. *Important Note:* On the third pass, runners will finish. *YFR* Youth Fun Run that will extend the Operational Window for this location to 11:00 a.m."
103,York at King,traffic,N/A - Traffic Control,45.962135,-66.643915,102,,sat,8,n,n,n,n,n,10,5,1,0,1,0,0,0,0,0,y,Provided by YSSR; FPF,YSSR and FPF Leads,"No thru traffic from King to Queen Street during events. Drivers are permitted to use the parking meters on York Street to access shops, but must exit via King during events. *YFR* Youth Fun Run that will extend the Operational Window for this location to 11:00 a.m."
104,Campbell at York,course,Runners heading north on York to finish,45.963779,-66.64262,,"""N9,O9""",sat,8,n,n,n,y,y,10,5,0,0,2,0,0,0,0,0,y,Provided by YSSR,YSSR Event/Site Lead,Eastbound to York
105,Queen at Cannabis NB,course,Uni - west on Queen,45.96364541,-66.64465262,,"""N1,N5,O1,O5""",sat,8,n,n,n,y,y,10,5,0,0,0,1,0,0,0,0,y,High Visibility Vest. Stop Sign. Radio.,Fredericton Marathon Volunteer Coordinator.,Westbound on Queen Street with 5K runners passing this location two times. Monitor for traffic exiting  alleyway behind Cannabis NB building.
106,Westmorland at King,traffic,N/A - Traffic Control,45.963083,-66.646123,108,,sat,8,n,n,n,n,n,10,5,1,0,1,0,0,0,0,0,y,Provided by YSSR; FPF,YSSR and FPF Leads,"No thru traffic from King to Queen Street during events. Drivers are permitted to use the parking meters on Westmorland Street to access shops, but must exit via King during events."
107,Westmorland at Queen,course,Uni - west on Queen,45.963989,-66.645371,,"""N2,N5,O2,O5""",sat,8,n,n,n,y,y,10,5,0,0,2,0,0,0,0,0,y,Provided by YSSR,YSSR Event/Site Lead,Runners will be heading westbound on Queen Street to Ste. Anne Pte. No southbound off or northbound on to the WSB.
108,Queen at Frederik Sq Garage,course,Uni - west on Queen,45.964322,-66.646313,,"""N2,N5,O2,O5""",sat,8,n,n,n,y,y,10,5,0,0,0,1,0,0,0,0,y,High Visibility Vest. Stop Sign. Radio.,Fredericton Marathon Volunteer Coordinator.,Westbound on Queen Street with 5K runners passing this location two times. Traffic exiting the garage will need to exit via King Street until event has finished. 
109,Queen at Westpointe,course,Uni - west on Queen,45.964628,-66.646724,,"""N2,N5,O2,O5""",sat,8,n,n,n,y,y,10,5,0,0,0,1,0,0,0,0,y,High Visibility Vest. Stop Sign. Radio.,Fredericton Marathon Volunteer Coordinator.,Westbound on Queen Street with 5K runners passing this location two times. Monitor for traffic exiting  rear parking lot. Drivers to proceed westbound to Northumberland and head southbound to King Street.
110,Northumberland at Queen,course,Uni - west on Queen,45.96478,-66.647751,,"""N2,N5,O2,O5""",sat,8,n,n,n,y,y,10,5,0,0,2,1,0,0,0,0,y,High Visibility Vest. Stop Sign. Radio.,Fredericton Marathon Volunteer Coordinator.,Westbound on Queen Street with 5K runners passing this location two times. Monitor for traffic exiting  rear parking lot. Drivers to proceed westbound to Northumberland and head southbound to King Street.
111,Queen at Smythe,course,Uni - west on Queen,45.965119,-66.649656,,"""N2,N6,O2,O6""",sat,8,n,n,n,y,y,10,5,0,0,0,2,0,0,0,0,y,High Visibility Vest. Stop Sign. Radio.,Fredericton Marathon Volunteer Coordinator.,"Westbound on Queen Street with 5K runners passing this location two times. Monitor for traffic attempting to access Ste Anne Pte and redirect drivers to eastbound on Queen to Northumberland, then to King Street. "
112,Victoria Traffic Circle,traffic,N/A - Traffic Control,45.964298,-66.651403,98,,sat,8,n,n,n,n,n,10,5,1,0,1,0,0,0,0,0,y,Provided by YSSR; FPF,YSSR and FPF Leads,"Runners will be on Ste. Anne. Pte. Traffic control to close access to Ste. Anne Pte. heading eastbound to Regent, or using the WSB on-ramp to head north. "
113,WSB Smythe St Exit/Ramp,traffic,N/A - Traffic Control,45.96684,-66.643575,98,,sat,8,n,n,n,n,n,10,5,1,0,0,0,0,0,0,0,y,Provided by FPF,FPF Event Lead,All traffic heading southbound on WSB will be required to exit via WSB Smythe St Exit Ramp. Expect some congestion as traffic navigates the Victoria Traffic Circle.
114,Ste Anne Pte right turn onto Queen St,course,Uni - south on Ste Anne Pte,45.96149297,-66.63841088,,"""N4,N8,O4,O8""",sat,8,n,n,n,y,y,10,5,0,0,3,0,0,0,0,0,y,Provided by YSSR,FPF Event Lead,YSSR members will be stationed on the closed lane on Ste. Anne Pte. to ensure runners stay in the closed lane and do not cross into the active traffic lane with vehicles entering from Regent and Queen Streets.
115,Ste. Anne Pte at WSB On Ramp Northbound,course,Uni - eastbound on Ste Anne Point,45.96524281,-66.64401039,,"""N3,N7,O3,O7""",sat,8,n,n,n,y,y,10,5,0,0,0,1,0,0,0,0,y,High Visibility Vest. Stop Sign. Radio.,Fredericton Marathon Volunteer Coordinator.,Ensure runners do not head onto the WSB On-Ramp and stay on Pte. Ste Anne to Regent Street.
116,Queen at Harvey's Studio,course,Uni - west on Queen,45.96364541,-66.64465262,,"""N1,N5,O1,O5""",sat,8,n,n,n,y,y,10,5,0,0,0,1,0,0,0,0,y,High Visibility Vest. Stop Sign. Radio.,Fredericton Marathon Volunteer Coordinator.,Westbound on Queen Street with 5K runners passing this location two times. Monitor for traffic exiting  alleyway behind Harvey Studios.  *YFR* Youth Fun Run that will extend the Operational Window for this location to 11:00 a.m.
117,Queen at York (Officials),course,Uni - west on Queen,45.96288754,-66.64287,,"""N1,N5,N9,O1,O5,O9""",sat,8,n,n,n,y,y,10,5,0,0,0,0,0,0,0,1,y,High Visibility Vest. Stop Sign. Radio.,Andrew Ottens,Course Official to ensure runners are in the right lane to turn to finish is on 3rd lap.  *YFR* Youth Fun Run that will extend the Operational Window for this location to 11:00 a.m.
118,Garrison Skate Park,course,Uni - eastbound along Garrison Skate Park,45.96363771,-66.64182846,,"""N9,O9""",sat,8,n,n,n,y,y,10,5,0,0,0,0,0,0,0,1,y,High Visibility Vest. Stop Sign. Radio.,Andrew Ottens,Course Official to ensure runners are in the right lane to turn to finish is on 3rd lap. 